OBJECTID,CSA2010,mort44_11,mort44_12,mort44_13,mort44_14,mort44_15,mort44_16,mort44_17,mort44_18,SHAPE_Length,SHAPE_Area
1,Allendale/Irvington/S. Hilton,41.89016603,39.8467433,29.62962963,35.24904215,37.80332056,43.42273308,45.46615581,50.57471264,38770.1655711966,63770461.7790932
2,Beechfield/Ten Hills/West Hills,24.03846154,19.83173077,13.82211538,15.02403846,23.4375,23.4375,26.44230769,31.25,37524.9505333862,47882527.7112373
3,Belair-Edison,30.14416776,26.21231979,22.28047182,27.08606378,31.45478375,29.70729576,35.38663172,34.94975972,31307.3148434905,44950030.4722053
4,Brooklyn/Curtis Bay/Hawkins Point,36.52540389,34.65230625,27.15991571,34.65230625,33.24748303,31.8426598,34.18403184,36.05712948,150987.70363871,176077742.748461
5,Canton,2.795248078,3.261122758,2.795248078,5.124621477,4.658746797,5.124621477,4.658746797,6.056370836,23338.6119476392,15408538.2249734
6,Cedonia/Frankford,27.75208141,28.67715079,22.81837805,27.13536849,28.98550725,30.83564601,32.06907185,31.45235893,39962.5498346887,71541340.306082
7,Cherry Hill,47.15530497,47.15530497,33.82880574,35.87903639,34.85392107,38.95438237,33.82880574,34.85392107,22305.3020666774,29144181.351516
8,Chinquapin Park/Belvedere,18.2731841,18.2731841,13.70488808,18.2731841,20.10050251,19.18684331,17.3595249,20.10050251,21705.411630324,21022590.1303212
9,Claremont/Armistead,19.41747573,19.41747573,16.8847615,17.72899958,20.2617138,22.79442803,23.6386661,27.85985648,40104.4159801772,61243774.4204004
10,Clifton-Berea,66.75687866,59.53991881,48.71447903,55.93143888,55.93143888,52.32295895,48.71447903,47.81235904,24022.7646207856,23285233.9251306
11,Cross-Country/Cheswolde,2.579812964,5.804579168,3.224766204,2.579812964,6.449532409,9.029345372,14.1889713,15.47887778,26788.3018784185,38222018.3165464
12,Dickeyville/Franklintown,19.93355482,19.93355482,18.27242525,23.25581395,24.91694352,23.25581395,19.93355482,18.27242525,31637.8174238148,35719112.414486
13,Dorchester/Ashburton,33.30866025,28.86750555,22.2057735,28.86750555,33.30866025,36.26943005,38.4900074,41.4507772,27136.0757115223,34118277.1815219
14,Downtown/Seton Hill,22.03182375,15.2998776,8.567931457,13.46389229,14.6878825,15.91187271,18.35985312,18.97184823,21565.8593945388,20736554.4071934
15,Edmondson Village,39.71962617,35.04672897,28.03738318,30.37383178,37.38317757,37.38317757,43.22429907,51.40186916,21504.5513578719,23563061.0426838
16,Fells Point,7.697241822,8.552490913,6.84199273,6.414368185,8.124866367,7.697241822,6.84199273,8.552490913,27670.1699158504,12620515.7178779
17,Forest Park/Walbrook,27.86242926,24.3796256,15.67261646,21.76752286,28.73313017,27.86242926,30.474532,36.5694384,36886.899781185,37200535.0297002
18,Glen-Fallstaff,13.87283237,23.12138728,17.34104046,16.76300578,22.5433526,24.27745665,22.5433526,23.12138728,48549.0046179359,46995477.4779553
19,Greater Charles Village/Barclay,10.7398568,11.53540175,10.7398568,11.53540175,14.71758154,15.11535402,15.91089897,18.69530628,26454.2692113378,27051213.4555493
20,Greater Govans,29.93793355,29.20774005,23.36619204,30.66812705,28.47754655,29.20774005,27.74735305,31.39832055,22982.1257150065,22698495.7172767
21,Greater Mondawmin,41.015625,38.0859375,29.296875,39.0625,44.921875,51.7578125,50.78125,43.9453125,31136.7318903894,33663448.2791136
22,Greater Roland Park/Poplar Hill,3.220611916,2.147074611,2.147074611,4.294149222,4.294149222,6.441223833,4.294149222,8.588298443,39862.7497953315,56688145.179702
23,Greater Rosemont,52.5948336,46.07865953,38.16616244,47.00954154,46.54410054,47.47498255,54.45659763,59.11100768,32559.0762212062,42204384.5422658
24,Greenmount East,54.05405405,48.42342342,41.66666667,45.04504505,47.2972973,52.92792793,54.05405405,57.43243243,20797.473457859,19072287.8238042
25,Hamilton,19.37567277,16.6846071,10.22604952,17.22282024,16.6846071,18.2992465,22.60495156,24.75780409,27712.1110914795,45191100.5593894
26,Harbor East/Little Italy,17.91936287,19.91040319,16.92384271,18.91488303,18.91488303,19.91040319,19.91040319,23.89248382,18552.4075815481,10215859.0840198
27,Harford/Echodale,18.59712957,16.97998787,15.36284617,17.78855872,16.57570245,16.57570245,17.78855872,18.59712957,40019.1854001864,65360039.1701278
28,Highlandtown,11.13716295,10.55099648,8.206330598,10.55099648,12.3094959,12.3094959,15.24032825,12.3094959,14976.1238513953,11684191.1190149
29,Howard Park/West Arlington,40.01702852,30.651341,22.13707961,24.69135802,22.13707961,22.98850575,23.83993189,23.83993189,36034.4984469622,63262430.0731008
30,Inner Harbor/Federal Hill,6.931836937,5.611487044,3.630962205,4.291137151,5.941574517,5.941574517,6.27166199,6.601749464,43415.0595477941,24995836.2620936
31,Lauraville,20.1183432,18.34319527,15.38461538,15.97633136,14.79289941,14.20118343,21.89349112,22.4852071,34419.6765281197,49665744.2382935
32,Loch Raven,24.20350704,23.70955792,18.77006668,21.73376142,24.69745616,22.72165967,26.17930353,27.16720178,29314.3346718106,44147812.3259686
33,Madison/East End,53.71900826,42.3553719,33.05785124,32.02479339,29.95867769,36.15702479,36.15702479,40.2892562,13120.1587193821,8897845.19137351
34,Medfield/Hampden/Woodberry/Remington,17.40669715,14.75143827,11.50612185,15.04646703,15.04646703,12.68623691,13.86635197,15.3414958,43152.6256992199,62441489.2397897
35,Midtown,16.95777514,14.92284212,12.5487536,12.5487536,13.22706461,13.22706461,15.26199763,15.94030863,25020.0969697781,23823949.929494
36,Midway/Coldstream,59.79202773,41.59445407,30.32928943,38.12824957,40.72790295,45.06065858,52.85961872,51.99306759,22767.8274161691,17884471.2860874
37,Morrell Park/Violetville,25.58139535,20.15503876,16.27906977,21.70542636,25.58139535,31.78294574,36.43410853,41.08527132,44412.7451302931,67470845.9897077
38,Mount Washington/Coldspring,5.277044855,6.596306069,6.596306069,10.55408971,9.234828496,9.234828496,13.19261214,14.51187335,38539.7661484923,56943058.650076
39,North Baltimore/Guilford/Homeland,9.353507565,7.152682256,6.052269601,7.152682256,5.502063274,8.253094911,8.253094911,7.702888583,42904.2221443837,74923987.6939622
40,Northwood,30.00882613,25.88996764,21.18270079,18.82906737,20.00588408,18.82906737,20.00588408,20.59429244,38889.8945910241,52743271.7685975
41,Oldtown/Middle East,32.5443787,28.10650888,21.44970414,26.62721893,31.80473373,40.68047337,42.89940828,42.15976331,23866.328178856,24585968.2339966
42,Orangeville/East Highlandtown,24.15766052,19.70756516,13.98601399,16.52892562,17.16465353,19.07183725,22.8862047,24.79338843,47825.8629265765,89894372.2114828
43,Patterson Park North & East,22.00366728,19.66994499,15.00250042,16.33605601,17.00283381,17.6696116,17.00283381,16.66944491,21786.3746600731,14507643.2040733
44,Penn North/Reservoir Hill,49.96156802,49.96156802,40.73789393,42.27517294,41.50653344,38.4319754,34.58877786,37.6633359,29078.8384985474,41059796.6771503
45,Pimlico/Arlington/Hilltop,44.40981691,41.29333853,35.83950136,49.86365407,49.08453448,42.85157772,44.40981691,49.08453448,24725.9340693497,30400962.0052273
46,Poppleton/The Terraces/Hollins Market,49.28131417,36.96098563,27.37850787,23.27173169,28.74743326,45.17453799,49.28131417,49.28131417,12334.0275347364,9302012.99882708
47,Sandtown-Winchester/Harlem Park,56.08524958,44.30734717,30.28603477,43.74649467,42.62478968,49.91587213,57.20695457,59.45036455,20987.1433066415,23672092.8680536
48,South Baltimore,8.513225905,10.3374886,7.90513834,8.513225905,7.90513834,7.297050775,4.864700517,6.688963211,68440.0258267645,46353935.42529
49,Southeastern,29.05027933,27.93296089,23.46368715,24.58100559,23.46368715,26.81564246,34.63687151,37.98882682,102291.480547452,111251478.472831
50,Southern Park Heights,43.89312977,41.98473282,31.80661578,39.44020356,33.71501272,38.16793893,40.07633588,47.70992366,24052.2213722085,27876227.5906738
51,Southwest Baltimore,48.10238305,44.13062665,34.86319506,49.86760812,49.86760812,54.28067079,58.25242718,60.90026478,28355.5635813649,37766068.8367913
52,The Waverlies,30.38427167,30.38427167,19.66041108,23.23503128,26.80965147,31.27792672,32.17158177,36.63985702,18733.8268797396,20383750.5443637
53,Upton/Druid Heights,51.66931638,49.2845787,34.18124006,36.56597774,41.3354531,40.54054054,42.92527822,47.69475358,19389.3078211947,16976622.3381282
54,Washington Village/Pigtown,29.99516207,28.05999032,24.18964683,31.93033382,27.09240445,28.05999032,29.0275762,27.09240445,36962.2600947345,39343262.0375946
55,Westport/Mount Winans/Lakeland,23.79771939,27.76400595,24.78929103,27.76400595,22.80614774,28.75557759,24.78929103,25.78086267,42573.1244161893,45494092.9497963
